[{"tahun":"2017","total_bus":25067,"rata_rata_bus":68.6767123288,"maksimum_bus":175,"total_penumpang":3972612,"rata_rata_penumpang":10883.8684931507,"maksimum_penumpang":42338},{"tahun":"2018","total_bus":25369,"rata_rata_bus":68.9375,"maksimum_bus":183,"total_penumpang":3896519,"rata_rata_penumpang":10588.3668478261,"maksimum_penumpang":45769},{"tahun":"2019","total_bus":37122,"rata_rata_bus":87.7588652482,"maksimum_bus":771,"total_penumpang":7212092,"rata_rata_penumpang":17049.8628841608,"maksimum_penumpang":60794}]